{
  "correlation": 0.9999999985128333,
  "mse": 1.0786566084775018e-09,
  "rmse": 3.2842908694874495e-05,
  "max_abs_diff": 0.0012738704681396484,
  "c_sum": 34588.8359375,
  "py_sum": 34588.3828125,
  "sum_ratio": 0.9999868869781494,
  "mean_peak_distance": 0.782842712474619,
  "max_peak_distance": 1.4142135623730951,
  "runtime_c_ms": 762,
  "runtime_py_ms": 5757,
  "speedup": 0.1323646842860357,
  "args": [
    "-lambda",
    "0.5",
    "-cell",
    "100",
    "100",
    "100",
    "90",
    "90",
    "90",
    "-N",
    "5",
    "-default_F",
    "100",
    "-distance",
    "500",
    "-detpixels",
    "4096",
    "-pixel",
    "0.05"
  ],
  "c_binary": "/home/ollie/Documents/tmp/nanoBragg/golden_suite_generator/nanoBragg",
  "py_binary": "nanoBragg",
  "roi": [
    1792,
    2304,
    1792,
    2304
  ],
  "resample": true,
  "png_scale_method": "percentile",
  "png_scale_percentile": 99.5
}