{
  "correlation": 0.9999969679154176,
  "mse": 3.822050231860885e-09,
  "rmse": 6.182273500598967e-05,
  "max_abs_diff": 0.00015224050730466843,
  "c_sum": 641.3748779296875,
  "py_sum": 644.8218994140625,
  "sum_ratio": 1.0053744316101074,
  "mean_peak_distance": 0.0,
  "max_peak_distance": 0.0,
  "c_runtime_s": 0.007602666970342398,
  "py_runtime_s": 0.7471197498962283,
  "speedup": 0.010175968405865828
}