{
  "all_runs": [
    {
      "construction_times": [
        0.0023025469854474068,
        0.002238887012936175
      ],
      "first_run_times": [
        0.18341382907237858,
        0.010080468957312405
      ],
      "second_run_times": [
        0.00978859607130289,
        0.009316821000538766
      ],
      "cache_speedup": 18.194969881766223,
      "config": {
        "n_instances": 2,
        "size": 256,
        "device": "cpu",
        "dtype": "torch.float64",
        "n_sources": 3
      },
      "run_metadata": {
        "timestamp": "2025-09-30T18:09:43.870456",
        "pytorch_version": "2.7.1+cu126",
        "cuda_available": true
      }
    }
  ],
  "summary": {
    "total_configurations": 1,
    "min_cache_speedup": 18.194969881766223,
    "max_cache_speedup": 18.194969881766223,
    "mean_cache_speedup": 18.194969881766223
  }
}