{
  "correlation": 0.7792566524101102,
  "mse": 44.21697235107422,
  "rmse": 6.6495842933654785,
  "max_abs_diff": 89.68242645263672,
  "c_sum": 35779.0703125,
  "py_sum": 35158.16015625,
  "sum_ratio": 0.9826459884643555,
  "mean_peak_distance": 1.7867837609446806,
  "max_peak_distance": 13.45362404707371,
  "c_runtime_s": 0.007534374948590994,
  "py_runtime_s": 0.7278773339930922,
  "speedup": 0.010351160280342647
}