{
  "correlation": 0.3906923137457544,
  "mse": 423.906982421875,
  "rmse": 20.589000701904297,
  "max_abs_diff": 154.6425018310547,
  "c_sum": 40.90401077270508,
  "py_sum": 24301.46484375,
  "sum_ratio": 594.1095581054688,
  "mean_peak_distance": 0.0,
  "max_peak_distance": 0.0,
  "c_runtime_s": 0.0047616250813007355,
  "py_runtime_s": 0.6897405830677599,
  "speedup": 0.006903501400660594
}