{
  "correlation": 0.9854046612323326,
  "mse": 0.14467158913612366,
  "rmse": 0.38035717606544495,
  "max_abs_diff": 6.262879848480225,
  "c_sum": 0.0015242202207446098,
  "py_sum": 176.1364288330078,
  "sum_ratio": 115558.3828125,
  "mean_peak_distance": 0.0,
  "max_peak_distance": 0.0,
  "runtime_c_ms": 555,
  "runtime_py_ms": 5892,
  "speedup": 0.09430875746074366,
  "args": [
    "-mat",
    "A.mat",
    "-floatfile",
    "img.bin",
    "-hkl",
    "scaled.hkl",
    "-nonoise",
    "-nointerpolate",
    "-oversample",
    "1",
    "-exposure",
    "1",
    "-flux",
    "1e18",
    "-beamsize",
    "1.0",
    "-spindle_axis",
    "-1",
    "0",
    "0",
    "-Xbeam",
    "217.742295",
    "-Ybeam",
    "213.907080",
    "-distance",
    "231.274660",
    "-lambda",
    "0.976800",
    "-pixel",
    "0.172",
    "-detpixels_x",
    "2463",
    "-detpixels_y",
    "2527",
    "-odet_vector",
    "-0.000088",
    "0.004914",
    "-0.999988",
    "-sdet_vector",
    "-0.005998",
    "-0.999970",
    "-0.004913",
    "-fdet_vector",
    "0.999982",
    "-0.005998",
    "-0.000118",
    "-pix0_vector_mm",
    "-216.336293",
    "215.205512",
    "-230.200866",
    "-beam_vector",
    "0.00051387949",
    "0.0",
    "-0.99999986",
    "-Na",
    "36",
    "-Nb",
    "47",
    "-Nc",
    "29",
    "-osc",
    "0.1",
    "-phi",
    "0",
    "-phisteps",
    "10",
    "-detector_rotx",
    "0",
    "-detector_roty",
    "0",
    "-detector_rotz",
    "0",
    "-twotheta",
    "0"
  ],
  "c_binary": "/home/ollie/Documents/tmp/nanoBragg/golden_suite_generator/nanoBragg",
  "py_binary": "nanoBragg",
  "roi": [
    100,
    156,
    100,
    156
  ],
  "resample": true,
  "png_scale_method": "percentile",
  "png_scale_percentile": 99.5
}