{
  "correlation": -0.010279210673918952,
  "mse": 1.3949372259958182e-05,
  "rmse": 0.003734885947778821,
  "max_abs_diff": 0.0074905576184391975,
  "c_sum": 132.42300415039062,
  "py_sum": 163.17105102539062,
  "sum_ratio": 1.2321956157684326,
  "mean_peak_distance": 0.8535533905932737,
  "max_peak_distance": 1.4142135623730951,
  "c_runtime_s": 0.00484737497754395,
  "py_runtime_s": 0.6575974998995662,
  "speedup": 0.007371340338557068
}