{
  "sum": 43161.9921875,
  "mean": 0.6585997343063354,
  "max": 76.97444152832031,
  "nonzero": 65536
}