{
  "correlation": 0.17430058003328258,
  "mse": 117263.796875,
  "rmse": 342.4380187988281,
  "max_abs_diff": 57948.49609375,
  "c_sum": 1627779.0,
  "py_sum": 2360700.5,
  "sum_ratio": 1.4502586126327515,
  "mean_peak_distance": 122.37607431570976,
  "max_peak_distance": 272.41512439657237,
  "runtime_c_ms": 18,
  "runtime_py_ms": 5031,
  "speedup": 0.003626494385835367,
  "args": [
    "-cell",
    "100",
    "100",
    "100",
    "90",
    "90",
    "90",
    "-default_F",
    "300",
    "-N",
    "10",
    "-lambda",
    "1.0",
    "-distance",
    "100",
    "-detpixels",
    "512",
    "-pixel",
    "0.1",
    "-oversample",
    "1",
    "-phisteps",
    "1",
    "-mosaic_dom",
    "1"
  ],
  "c_binary": "/home/ollie/Documents/tmp/nanoBragg/golden_suite_generator/nanoBragg",
  "py_binary": "nanoBragg",
  "roi": null,
  "resample": true,
  "png_scale_method": "percentile",
  "png_scale_percentile": 99.5
}