{
  "correlation": 0.9628357284840923,
  "mse": 15792.9091796875,
  "rmse": 125.66984558105469,
  "max_abs_diff": 1826.111328125,
  "c_sum": 1151758.25,
  "py_sum": 1021257.8125,
  "sum_ratio": 0.886694610118866,
  "mean_peak_distance": 0.9242640687119286,
  "max_peak_distance": 1.4142135623730951,
  "c_runtime_s": 0.005000084172934294,
  "py_runtime_s": 0.6203506249003112,
  "speedup": 0.008060093715127304
}