{
  "tolerance_rel": 1e-06,
  "first_divergence": "I_before_scaling",
  "num_divergent": 2,
  "factors": {
    "I_before_scaling": {
      "description": "Raw accumulated intensity before normalization",
      "c_value": 943654.80923755,
      "py_value": 736750.125,
      "abs_delta": -206904.68423755,
      "rel_delta": -0.21925886692054686,
      "status": "CRITICAL"
    },
    "r_e_sqr": {
      "description": "Thomson scattering cross section (r_e\u00b2)",
      "c_value": 7.94079248018965e-30,
      "py_value": 7.9407927259064e-30,
      "abs_delta": 2.4571675105328097e-37,
      "rel_delta": 3.0943605649723834e-08,
      "status": "PASS"
    },
    "fluence_photons_per_m2": {
      "description": "Incident photon fluence",
      "c_value": 1e+24,
      "py_value": 1.00000001384843e+24,
      "abs_delta": 1.3848430019346432e+16,
      "rel_delta": 1.3848430019346432e-08,
      "status": "PASS"
    },
    "steps": {
      "description": "Normalization divisor (sources\u00d7mosaic\u00d7\u03c6\u00d7oversample\u00b2)",
      "c_value": 10.0,
      "py_value": 10.0,
      "abs_delta": 0.0,
      "rel_delta": 0.0,
      "status": "PASS"
    },
    "capture_fraction": {
      "description": "Detector absorption capture fraction",
      "c_value": 1.0,
      "py_value": 1.0,
      "abs_delta": 0.0,
      "rel_delta": 0.0,
      "status": "PASS"
    },
    "polar": {
      "description": "Kahn polarization factor",
      "c_value": 0.91463969894451,
      "py_value": 0.91463965177536,
      "abs_delta": -4.716915003033506e-08,
      "rel_delta": -5.157129095180107e-08,
      "status": "PASS"
    },
    "omega_pixel": {
      "description": "Solid angle (steradians)",
      "c_value": 4.20412684465831e-07,
      "py_value": 4.20412618495902e-07,
      "abs_delta": -6.596992898160028e-14,
      "rel_delta": -1.569170755763959e-07,
      "status": "PASS"
    },
    "cos_2theta": {
      "description": "Cosine of scattering angle 2\u03b8",
      "c_value": 0.910647790250995,
      "py_value": 0.910647749900818,
      "abs_delta": -4.035017697745502e-08,
      "rel_delta": -4.430931190898032e-08,
      "status": "PASS"
    },
    "I_pixel_final": {
      "description": "Final normalized pixel intensity",
      "c_value": 2.88139542684698e-07,
      "py_value": 2.4595729541943e-07,
      "abs_delta": -4.218224726526798e-08,
      "rel_delta": -0.1463952044632301,
      "status": "CRITICAL"
    }
  }
}