{
  "correlation": 0.06298346978108438,
  "mse": 30.492544174194336,
  "rmse": 5.522005558013916,
  "max_abs_diff": 671.3831176757812,
  "c_sum": 25789.73046875,
  "py_sum": 5803630.0,
  "sum_ratio": 225.03646850585938,
  "mean_peak_distance": 66.88749639374893,
  "max_peak_distance": 83.09632964216891,
  "runtime_c_ms": 3237,
  "runtime_py_ms": 5752,
  "speedup": 0.562713975995717,
  "args": [
    "-default_F",
    "100",
    "-cell",
    "100",
    "100",
    "100",
    "90",
    "90",
    "90",
    "-lambda",
    "6.2",
    "-distance",
    "100",
    "-detpixels",
    "4096"
  ],
  "c_binary": "/home/ollie/Documents/tmp/nanoBragg/golden_suite_generator/nanoBragg",
  "py_binary": "nanoBragg",
  "roi": null,
  "resample": true,
  "png_scale_method": "percentile",
  "png_scale_percentile": 99.5
}