{
  "correlation": 0.9999935534814236,
  "mse": 1.161378548886205e-07,
  "rmse": 0.00034079005126841366,
  "max_abs_diff": 0.5456690788269043,
  "c_sum": 146232.46875,
  "py_sum": 146232.375,
  "sum_ratio": 0.9999993443489075,
  "mean_peak_distance": 0.865685424949238,
  "max_peak_distance": 1.4142135623730951,
  "runtime_c_ms": 518,
  "runtime_py_ms": 5785,
  "speedup": 0.08957532674007965,
  "args": [
    "-lambda",
    "0.5",
    "-cell",
    "100",
    "100",
    "100",
    "90",
    "90",
    "90",
    "-N",
    "5",
    "-default_F",
    "100",
    "-distance",
    "500",
    "-detpixels",
    "4096",
    "-pixel",
    "0.05"
  ],
  "c_binary": "/home/ollie/Documents/tmp/nanoBragg/golden_suite_generator/nanoBragg",
  "py_binary": "nanoBragg",
  "roi": null,
  "resample": true,
  "png_scale_method": "percentile",
  "png_scale_percentile": 99.5
}