{
  "timestamp_utc": "20251010T095445Z",
  "oversample": 2,
  "config": {
    "cell": [
      100.0,
      100.0,
      100.0
    ],
    "distance_mm": 500.0,
    "pixel_size_mm": 0.05,
    "wavelength_A": 0.5
  },
  "edge_pixel": {
    "pixel": [
      0,
      0
    ],
    "omega_values": [
      8.861099416713276e-09,
      8.861350615093934e-09,
      8.861350615093934e-09,
      8.861601825343284e-09
    ],
    "omega_mean": 8.861350618061107e-09,
    "omega_min": 8.861099416713276e-09,
    "omega_max": 8.861601825343284e-09,
    "omega_last": 8.861601825343284e-09,
    "relative_asymmetry": 5.669662014999067e-05,
    "last_over_mean": 1.0000283486449195
  },
  "center_pixel": {
    "pixel": [
      2048,
      2048
    ],
    "omega_values": [
      9.999999831250002e-09,
      9.99999990625e-09,
      9.99999990625e-09,
      9.99999998125e-09
    ],
    "omega_mean": 9.99999990625e-09,
    "omega_min": 9.999999831250002e-09,
    "omega_max": 9.99999998125e-09,
    "omega_last": 9.99999998125e-09,
    "relative_asymmetry": 1.4999999897252384e-08,
    "last_over_mean": 1.0000000075
  }
}