{
  "correlation": 0.9999972284167828,
  "mse": 0.0008235208224505186,
  "rmse": 0.028697052970528603,
  "max_abs_diff": 0.48670196533203125,
  "c_sum": 84211.375,
  "py_sum": 84529.921875,
  "sum_ratio": 1.0037827491760254,
  "mean_peak_distance": 0.0,
  "max_peak_distance": 0.0,
  "c_runtime_s": 0.01119720796123147,
  "py_runtime_s": 0.7899760829750448,
  "speedup": 0.014174110080729099
}