{
  "c": {
    "max": 446.2541198730469,
    "min": 0.0,
    "mean": 0.001042869407683611,
    "std": 0.3343842029571533,
    "sum": 6490.8203125,
    "l2_norm": 834.2235717773438
  },
  "pytorch": {
    "max": 114985.09375,
    "min": 0.0,
    "mean": 0.12165499478578568,
    "std": 75.44327545166016,
    "sum": 757180.8125,
    "l2_norm": 188215.734375
  },
  "ratios": {
    "max_ratio": 257.66729736328125,
    "mean_ratio": 116.65410614013672,
    "sum_ratio": 116.65409851074219,
    "l2_ratio": 225.61785888671875
  },
  "correlation": -5.027760233910388e-06
}