{
  "correlation": 0.9999992339465679,
  "mse": 0.3301961123943329,
  "rmse": 0.5746269226074219,
  "max_abs_diff": 13.416015625,
  "c_sum": 2009486.75,
  "py_sum": 2014574.5,
  "sum_ratio": 1.002531886100769,
  "mean_peak_distance": 0.0,
  "max_peak_distance": 0.0,
  "c_runtime_s": 0.011282291961833835,
  "py_runtime_s": 0.795086917001754,
  "speedup": 0.014190010828475177
}