{
  "correlation": 0.9640590901837348,
  "mse": 9.16696834564209,
  "rmse": 3.027700185775757,
  "max_abs_diff": 83.53060913085938,
  "c_sum": 182564.46875,
  "py_sum": 164654.34375,
  "sum_ratio": 0.9018970131874084,
  "mean_peak_distance": 8.62670273047588,
  "max_peak_distance": 86.2670273047588,
  "c_runtime_s": 0.009813375072553754,
  "py_runtime_s": 0.6301512920763344,
  "speedup": 0.015573046022359018
}