{
  "correlation": 0.036879705597058283,
  "mse": 2.395294427871704,
  "rmse": 1.5476738214492798,
  "max_abs_diff": 16.76736831665039,
  "c_sum": 34588.8359375,
  "py_sum": 410841.1875,
  "sum_ratio": 11.87785530090332,
  "mean_peak_distance": 143.8083270597453,
  "max_peak_distance": 203.73512215619573,
  "runtime_c_ms": 516,
  "runtime_py_ms": 5832,
  "speedup": 0.08859268591285399,
  "args": [
    "-lambda",
    "0.5",
    "-cell",
    "100",
    "100",
    "100",
    "90",
    "90",
    "90",
    "-N",
    "5",
    "-default_F",
    "100",
    "-distance",
    "500",
    "-detpixels",
    "4096",
    "-pixel",
    "0.05"
  ],
  "c_binary": "/home/ollie/Documents/tmp/nanoBragg/golden_suite_generator/nanoBragg",
  "py_binary": "nanoBragg",
  "roi": [
    1792,
    2304,
    1792,
    2304
  ],
  "resample": true,
  "png_scale_method": "percentile",
  "png_scale_percentile": 99.5
}