{
  "correlation": 0.9999970591333762,
  "mse": 0.0005499048857018352,
  "rmse": 0.023450050503015518,
  "max_abs_diff": 0.5454635620117188,
  "c_sum": 58988.60546875,
  "py_sum": 59340.6796875,
  "sum_ratio": 1.0059685707092285,
  "mean_peak_distance": 0.0,
  "max_peak_distance": 0.0,
  "runtime_c_ms": 9,
  "runtime_py_ms": 4882,
  "speedup": 0.00198106384370651,
  "args": [
    "-default_F",
    "100",
    "-cell",
    "100",
    "100",
    "100",
    "90",
    "90",
    "90",
    "-lambda",
    "6.2",
    "-distance",
    "100",
    "-detpixels",
    "256",
    "-pixel",
    "0.1",
    "-Xbeam",
    "25.6",
    "-Ybeam",
    "25.6",
    "-N",
    "5"
  ],
  "c_binary": "/home/ollie/Documents/nanoBragg/golden_suite_generator/nanoBragg",
  "py_binary": "nanoBragg",
  "roi": null,
  "resample": false,
  "png_scale_method": "percentile",
  "png_scale_percentile": 99.5
}