{
  "C": {
    "R": 0.104897664416325,
    "close_distance": 0.1,
    "omega": 1.38618925119891e-05,
    "I_final": 0.0217660469220755,
    "F_latt": -0.405614331230081,
    "F_latt_a": -0.960025387054958,
    "F_latt_b": 0.650002888698729,
    "F_latt_c": 0.650002888698729
  },
  "Py": {
    "omega_trace": 1.386189251199e-05,
    "I_final": 0.02280599943515
  },
  "ratios": {
    "I_py_over_c": 1.0477786580538775,
    "R_over_close_distance": 1.04897664416325
  }
}