{
  "correlation": 0.9999991486029235,
  "mse": 0.00015113517292775214,
  "rmse": 0.01229370478540659,
  "max_abs_diff": 0.10828971862792969,
  "c_sum": 112645.5,
  "py_sum": 112852.734375,
  "sum_ratio": 1.0018397569656372,
  "mean_peak_distance": 0.0,
  "max_peak_distance": 0.0,
  "c_runtime_s": 0.01063425000756979,
  "py_runtime_s": 0.7790950839407742,
  "speedup": 0.013649489294400671
}