{
  "correlation": 0.9999985192663539,
  "mse": 0.0015909412177279592,
  "rmse": 0.039886604994535446,
  "max_abs_diff": 0.43310546875,
  "c_sum": 215822.828125,
  "py_sum": 216544.125,
  "sum_ratio": 1.0033420324325562,
  "mean_peak_distance": 0.0,
  "max_peak_distance": 0.0,
  "c_runtime_s": 0.009171708952635527,
  "py_runtime_s": 0.6506329998373985,
  "speedup": 0.014096593555702914
}