{
  "correlation": 0.6738404132161301,
  "mse": 94.03709411621094,
  "rmse": 9.697272300720215,
  "max_abs_diff": 139.20997619628906,
  "c_sum": 120823.015625,
  "py_sum": 216341.1875,
  "sum_ratio": 1.7905627489089966,
  "mean_peak_distance": 30.082759965570983,
  "max_peak_distance": 88.41379982785493,
  "c_runtime_s": 0.036113333189859986,
  "py_runtime_s": 0.7530875001102686,
  "speedup": 0.04795370150822076
}