{
  "tap_id": "hkl_subpixel",
  "pixel_coords": [
    0,
    0
  ],
  "oversample": 2,
  "values": {
    "oversample": 2,
    "total_subpixels": 4,
    "subpixels": [
      {
        "subpixel_index": [
          0,
          0
        ],
        "hkl_fractional": [
          -7.902478764625841,
          39.36078210112817,
          -39.36078210112817
        ],
        "hkl_rounded": [
          -8,
          39,
          -39
        ],
        "F_cell": 100.0,
        "out_of_bounds": false
      },
      {
        "subpixel_index": [
          0,
          1
        ],
        "hkl_fractional": [
          -7.898848372212863,
          39.36152596853359,
          -39.34231585337081
        ],
        "hkl_rounded": [
          -8,
          39,
          -39
        ],
        "F_cell": 100.0,
        "out_of_bounds": false
      },
      {
        "subpixel_index": [
          1,
          0
        ],
        "hkl_fractional": [
          -7.898848372212863,
          39.34231585337081,
          -39.36152596853359
        ],
        "hkl_rounded": [
          -8,
          39,
          -39
        ],
        "F_cell": 100.0,
        "out_of_bounds": false
      },
      {
        "subpixel_index": [
          1,
          1
        ],
        "hkl_fractional": [
          -7.895217773963047,
          39.343059399892375,
          -39.343059399892375
        ],
        "hkl_rounded": [
          -8,
          39,
          -39
        ],
        "F_cell": 100.0,
        "out_of_bounds": false
      }
    ]
  },
  "timestamp_utc": "20251010T115413Z"
}