{
  "correlation": 0.9999970029747023,
  "mse": 0.009372785687446594,
  "rmse": 0.0968131497502327,
  "max_abs_diff": 4.1894683837890625,
  "c_sum": 248801.6875,
  "py_sum": 250235.921875,
  "sum_ratio": 1.0057646036148071,
  "mean_peak_distance": 3.0,
  "max_peak_distance": 30.0,
  "c_runtime_s": 0.01031712512485683,
  "py_runtime_s": 0.7566101669799536,
  "speedup": 0.013635985313332674
}