{
  "correlation": 0.9919273369640307,
  "mse": 2.5315375328063965,
  "rmse": 1.591080665588379,
  "max_abs_diff": 38.63655090332031,
  "c_sum": 44167.265625,
  "py_sum": 43052.3125,
  "sum_ratio": 0.974756121635437,
  "mean_peak_distance": 0.3333333333333333,
  "max_peak_distance": 1.0,
  "c_runtime_s": 0.005232915980741382,
  "py_runtime_s": 0.6547322499100119,
  "speedup": 0.007992451848004444
}