{
  "correlation": 0.9991293705232697,
  "mse": 0.220768541097641,
  "rmse": 0.46986013650894165,
  "max_abs_diff": 11.022407531738281,
  "c_sum": 551449.0,
  "py_sum": 560630.125,
  "sum_ratio": 1.0166491270065308,
  "mean_peak_distance": 0.1,
  "max_peak_distance": 1.0,
  "c_runtime_s": 0.02932120906189084,
  "py_runtime_s": 0.793569500092417,
  "speedup": 0.03694850804935947
}