{
  "correlation": 0.9945872276576017,
  "mse": 0.34278434250652473,
  "rmse": 0.585477875334777,
  "max_abs_diff": 14.135995247326804,
  "c_sum": 923805.375,
  "py_sum": 923754.7971936197,
  "sum_ratio": 0.9999452505822665
}