{
  "c_peak": {
    "slow": 512,
    "fast": 512,
    "intensity": 154.6524658203125
  },
  "py_peak": {
    "slow": 512,
    "fast": 512,
    "intensity": 156.24999996875
  }
}