{
  "c_total": 463.38726806640625,
  "py_total": 253271.828125,
  "c_max": 0.009050440974533558,
  "py_max": 168.4436492919922,
  "sum_ratio": 546.5662231445312,
  "correlation": -0.06061882834735701,
  "shape": [
    65536
  ],
  "oversample": 1
}