{
  "correlation": 0.9999985782866679,
  "mse": 0.0015574574936181307,
  "rmse": 0.03946463763713837,
  "max_abs_diff": 0.43279266357421875,
  "c_sum": 212759.71875,
  "py_sum": 213444.53125,
  "sum_ratio": 1.0032187700271606,
  "mean_peak_distance": 0.0,
  "max_peak_distance": 0.0,
  "c_runtime_s": 0.012514582835137844,
  "py_runtime_s": 0.9056237090844661,
  "speedup": 0.013818744705556983
}