{
  "py_total": 151963.109375,
  "c_total": 463.38726806640625,
  "ratio_py_over_c": 327.93975830078125,
  "py_max": 101.06619262695312,
  "c_max": 0.009050440974533558,
  "nonzero_py": 65159,
  "nonzero_c": 65159
}