{
  "correlation": 0.979624048879393,
  "mse": 10.420755386352539,
  "rmse": 3.228119373321533,
  "max_abs_diff": 51.308162689208984,
  "c_sum": 75931.765625,
  "py_sum": 69995.2421875,
  "sum_ratio": 0.9218176603317261,
  "mean_peak_distance": 7.144922223636772,
  "max_peak_distance": 59.30430001273095,
  "c_runtime_s": 0.005342083051800728,
  "py_runtime_s": 0.6972757498733699,
  "speedup": 0.007661363603668831
}