{
  "mean_ms": 1.5635001531336457,
  "min_ms": 1.5335390344262123,
  "max_ms": 1.6148800496011972,
  "std_ms": 0.012065260238625,
  "iterations": 100,
  "phi_steps": 1,
  "mosaic_domains": 1,
  "device": "cpu",
  "dtype": "torch.float32",
  "vector_shapes": [
    "(tensor([[[ 1.0000e+02, -4.3711e-06, -4.3711e-06]]]), tensor([[[ 0.0000e+00,  1.0000e+02, -4.3711e-06]]]), tensor([[[  0.0000,   0.0000, 100.0000]]]))",
    "(tensor([[[0.0100, 0.0000, 0.0000]]]), tensor([[[4.3711e-10, 1.0000e-02, 0.0000e+00]]]), tensor([[[4.3711e-10, 4.3711e-10, 1.0000e-02]]]))"
  ]
}