{
  "sum": 305701.71875,
  "mean": 4.664638042449951,
  "max": 331.707763671875,
  "nonzero": 65536
}