{
  "correlation": 0.9998668153398146,
  "mse": 5.953249001322547e-06,
  "rmse": 0.0024399280082434416,
  "max_abs_diff": 0.1363658905029297,
  "c_sum": 1125.123779296875,
  "py_sum": 1167.202392578125,
  "sum_ratio": 1.0373990535736084,
  "mean_peak_distance": 0.0,
  "max_peak_distance": 0.0,
  "runtime_c_ms": 9,
  "runtime_py_ms": 4914,
  "speedup": 0.0019296271095859334,
  "args": [
    "-default_F",
    "100",
    "-cell",
    "100",
    "100",
    "100",
    "90",
    "90",
    "90",
    "-lambda",
    "6.2",
    "-distance",
    "100",
    "-detpixels",
    "256",
    "-pixel",
    "0.05",
    "-Xbeam",
    "25.6",
    "-Ybeam",
    "25.6",
    "-N",
    "5"
  ],
  "c_binary": "/home/ollie/Documents/nanoBragg/golden_suite_generator/nanoBragg",
  "py_binary": "nanoBragg",
  "roi": null,
  "resample": false,
  "png_scale_method": "percentile",
  "png_scale_percentile": 99.5
}