{
  "correlation": -0.0010899895513256236,
  "mse": 311.1697692871094,
  "rmse": 17.640005111694336,
  "max_abs_diff": 6005.02490234375,
  "c_sum": 34588.8359375,
  "py_sum": 433737.9375,
  "sum_ratio": 12.539824485778809,
  "mean_peak_distance": 125.24723070668901,
  "max_peak_distance": 179.7386992275175,
  "runtime_c_ms": 498,
  "runtime_py_ms": 8351,
  "speedup": 0.05964960518463068,
  "args": [
    "-lambda",
    "0.5",
    "-cell",
    "100",
    "100",
    "100",
    "90",
    "90",
    "90",
    "-N",
    "5",
    "-default_F",
    "100",
    "-distance",
    "500",
    "-detpixels",
    "4096",
    "-pixel",
    "0.05"
  ],
  "c_binary": "/home/ollie/Documents/tmp/nanoBragg/golden_suite_generator/nanoBragg",
  "py_binary": "nanoBragg",
  "roi": [
    1792,
    2304,
    1792,
    2304
  ],
  "resample": true,
  "png_scale_method": "percentile",
  "png_scale_percentile": 99.5
}