{
  "py_sum": 43161.9921875,
  "c_sum": 322.41094970703125,
  "sum_ratio": 133.8726002535599,
  "correlation": 0.029714555411434907,
  "py_nans": 0,
  "c_nans": 0,
  "py_max": 76.97444152832031,
  "c_max": 0.004999996162950993,
  "py_mean": 0.6585997343063354,
  "c_mean": 0.004919600673019886
}