{
  "default_F": {
    "0.0": {
      "loss": 0.0,
      "grads": {
        "cell_a": 0.0,
        "cell_b": 0.0,
        "cell_c": 0.0,
        "cell_alpha": 0.0,
        "cell_beta": 0.0,
        "cell_gamma": 0.0
      }
    },
    "100.0": {
      "loss": 983760.6856256215,
      "grads": {
        "cell_a": 7782.451766913256,
        "cell_b": -2947.4838589999167,
        "cell_c": -2947.4841549209464,
        "cell_alpha": 1.6585118984344818,
        "cell_beta": 5278.156767275025,
        "cell_gamma": -5278.1545015348665
      }
    }
  }
}
