{
  "correlation": 0.02442458028351296,
  "mse": 40.55952453613281,
  "rmse": 6.368636131286621,
  "max_abs_diff": 140.56082153320312,
  "c_sum": 7822.2314453125,
  "py_sum": 1051767.75,
  "sum_ratio": 134.4587860107422,
  "mean_peak_distance": 140.21768789992225,
  "max_peak_distance": 140.21768789992225,
  "c_runtime_s": 0.07097725011408329,
  "py_runtime_s": 0.7672505839727819,
  "speedup": 0.09250856447259634
}