{
  "correlation": 0.998141205146986,
  "mse": 3.596691629421944e-15,
  "rmse": 5.997242169542005e-08,
  "max_abs_diff": 1.4303982425190043e-06,
  "c_sum": 0.07811813056468964,
  "py_sum": 0.08351867645978928,
  "sum_ratio": 1.0691330432891846,
  "mean_peak_distance": 18.973665961010276,
  "max_peak_distance": 31.622776601683793,
  "c_runtime_s": 0.05808623300254112,
  "py_runtime_s": 4.96244147199468,
  "speedup": 0.011705172409659282
}