{
  "correlation": 0.9999999926155279,
  "mse": 3.1738608186060446e-08,
  "rmse": 0.0001781533210305497,
  "max_abs_diff": 0.0021820068359375,
  "c_sum": 15058.6923828125,
  "py_sum": 15061.6689453125,
  "sum_ratio": 1.0001976490020752,
  "mean_peak_distance": 0.0,
  "max_peak_distance": 0.0,
  "c_runtime_s": 0.005874642993148882,
  "py_runtime_s": 4.825181195003097,
  "speedup": 0.001217496868145096
}