{
  "correlation": 0.7887335927244002,
  "mse": 19.553123474121094,
  "rmse": 4.421891212463379,
  "max_abs_diff": 89.68242645263672,
  "c_sum": 70484.1640625,
  "py_sum": 70140.015625,
  "sum_ratio": 0.9951173663139343,
  "mean_peak_distance": 124.46403060714893,
  "max_peak_distance": 127.98828071350908,
  "c_runtime_s": 0.017988167004659772,
  "py_runtime_s": 0.652081583859399,
  "speedup": 0.02758576142910725
}