{
  "correlation": 0.997188052403706,
  "mse": 0.012136861681938171,
  "rmse": 0.11016742885112762,
  "max_abs_diff": 0.3847787380218506,
  "c_sum": 3153.0,
  "py_sum": 3144.339111328125,
  "sum_ratio": 0.9972531199455261,
  "mean_peak_distance": 0.8535533905932737,
  "max_peak_distance": 1.4142135623730951,
  "c_runtime_s": 0.0044083751272410154,
  "py_runtime_s": 0.7015804999973625,
  "speedup": 0.00628349152699881
}