{
  "timestamp_utc": "20251010T095329Z",
  "oversample": 2,
  "config": {
    "cell": [
      100.0,
      100.0,
      100.0
    ],
    "distance_mm": 500.0,
    "pixel_size_mm": 0.05,
    "wavelength_A": 0.5
  },
  "edge_pixel": {
    "pixel": [
      0,
      0
    ],
    "omega_values": [
      8.86059693294388e-09,
      8.86084816889212e-09,
      8.86084816889212e-09,
      8.861099416713276e-09
    ],
    "omega_mean": 8.86084817186035e-09,
    "omega_min": 8.86059693294388e-09,
    "omega_max": 8.861099416713276e-09,
    "omega_last": 8.861099416713276e-09,
    "relative_asymmetry": 5.6708315011159213e-05,
    "last_over_mean": 1.000028354492488
  },
  "center_pixel": {
    "pixel": [
      2048,
      2048
    ],
    "omega_values": [
      9.999999531250022e-09,
      9.999999681250006e-09,
      9.999999681250006e-09,
      9.999999831250002e-09
    ],
    "omega_mean": 9.99999968125001e-09,
    "omega_min": 9.999999531250022e-09,
    "omega_max": 9.999999831250002e-09,
    "omega_last": 9.999999831250002e-09,
    "relative_asymmetry": 2.9999998980579606e-08,
    "last_over_mean": 1.0000000149999997
  }
}