{
  "correlation": 0.05973830898774501,
  "mse": 30.492870330810547,
  "rmse": 5.522035121917725,
  "max_abs_diff": 671.383544921875,
  "c_sum": 24572.53125,
  "py_sum": 5803630.0,
  "sum_ratio": 236.1836395263672,
  "mean_peak_distance": 89.04284658703833,
  "max_peak_distance": 142.52368224263643,
  "runtime_c_ms": 3225,
  "runtime_py_ms": 8338,
  "speedup": 0.3867996284133227,
  "args": [
    "-default_F",
    "100",
    "-cell",
    "100",
    "100",
    "100",
    "90",
    "90",
    "90",
    "-lambda",
    "6.2",
    "-distance",
    "100",
    "-detpixels",
    "4096"
  ],
  "c_binary": "/home/ollie/Documents/tmp/nanoBragg/golden_suite_generator/nanoBragg",
  "py_binary": "nanoBragg",
  "roi": null,
  "resample": true,
  "png_scale_method": "percentile",
  "png_scale_percentile": 99.5
}