{
  "correlation": -0.06711700215278525,
  "mse": 36.353271484375,
  "rmse": 6.029367446899414,
  "max_abs_diff": 122.60455322265625,
  "c_sum": 530.973876953125,
  "py_sum": 59501.546875,
  "sum_ratio": 112.0611572265625,
  "mean_peak_distance": 47.53945729601885,
  "max_peak_distance": 47.53945729601885,
  "c_runtime_s": 0.007766084047034383,
  "py_runtime_s": 0.7672961249481887,
  "speedup": 0.010121364874035803
}