{
  "all_runs": [
    {
      "construction_times": [
        0.12370019592344761,
        0.0024969029473140836,
        0.0021072078961879015,
        0.001912774983793497,
        0.0020374871091917157
      ],
      "first_run_times": [
        5.334805627004243,
        0.005718176020309329,
        0.0035862779477611184,
        0.0036645190557464957,
        0.004020504071377218
      ],
      "second_run_times": [
        0.27034922200255096,
        0.0028971279971301556,
        0.0027702769730240107,
        0.002700636046938598,
        0.0027398469392210245
      ],
      "cache_speedup": 1256.025855795952,
      "config": {
        "n_instances": 5,
        "size": 256,
        "device": "cuda",
        "dtype": "torch.float32",
        "n_sources": 1
      },
      "run_metadata": {
        "timestamp": "2025-09-30T16:58:04.658683",
        "pytorch_version": "2.7.1+cu126",
        "cuda_available": true
      }
    }
  ],
  "summary": {
    "total_configurations": 1,
    "min_cache_speedup": 1256.025855795952,
    "max_cache_speedup": 1256.025855795952,
    "mean_cache_speedup": 1256.025855795952
  }
}