{
  "baseline": {
    "correlation": 0.9934412483645892,
    "rms_absolute": 2005.427899619934,
    "rms_relative": 5.72856515680405,
    "max_difference": 54885.34749706551
  },
  "tilted": {
    "correlation": 0.9930259634519688,
    "rms_absolute": 2029.8653587075105,
    "rms_relative": 5.840422274517622,
    "max_difference": 54885.362023390786
  },
  "overall": {
    "min_correlation": 0.9930259634519688,
    "all_correlations_good": false
  }
}