{
  "baseline": {
    "correlation": 0.9934412483645892,
    "rms_absolute": 2005.427899619934,
    "rms_relative": 5.72856515680405,
    "max_difference": 54885.34749706551
  },
  "tilted": {
    "correlation": 0.04043253348765887,
    "rms_absolute": 2031.74984286035,
    "rms_relative": 5.751189152583324,
    "max_difference": 55034.65642702033
  },
  "overall": {
    "min_correlation": 0.04043253348765887,
    "all_correlations_good": false
  }
}