{
  "baseline": {
    "correlation": 0.9934414555227209,
    "rms_absolute": 2026.137139023543,
    "rms_relative": 5.7349297630197436,
    "max_difference": 54890.05298416581
  },
  "tilted": {
    "correlation": -0.017974478560211813,
    "rms_absolute": 2030.7079847983796,
    "rms_relative": 5.754234341036155,
    "max_difference": 55039.99999911284
  },
  "overall": {
    "min_correlation": -0.017974478560211813,
    "all_correlations_good": false
  }
}