{
  "baseline": {
    "correlation": 0.9934410821471026,
    "rms_absolute": 2026.1371075733243,
    "rms_relative": 5.734929674000697,
    "max_difference": 54890.05298416581
  },
  "tilted": {
    "correlation": 0.9930227876310482,
    "rms_absolute": 2049.331590204263,
    "rms_relative": 5.850715712469499,
    "max_difference": 54886.91660171623
  },
  "overall": {
    "min_correlation": 0.9930227876310482,
    "all_correlations_good": false
  }
}