{
  "baseline": {
    "correlation": 0.9934412483645892,
    "rms_absolute": 2005.427899619934,
    "rms_relative": 5.72856515680405,
    "max_difference": 54885.34749706551
  },
  "tilted": {
    "correlation": 0.9928210367617465,
    "rms_absolute": 2081.4742707918253,
    "rms_relative": 5.879161718930203,
    "max_difference": 54885.33331690081
  },
  "overall": {
    "min_correlation": 0.9928210367617465,
    "all_correlations_good": false
  }
}