{
  "correlation": 0.9999985434525727,
  "mse": 0.02516532503068447,
  "rmse": 0.15863582491874695,
  "max_abs_diff": 1.705596923828125,
  "c_sum": 215077.296875,
  "py_sum": 215792.3125,
  "sum_ratio": 1.0033245086669922,
  "mean_peak_distance": 0.0,
  "max_peak_distance": 0.0,
  "c_runtime_s": 0.0048085839953273535,
  "py_runtime_s": 0.6579768750816584,
  "speedup": 0.007308135251304361
}