{
  "correlation": 0.9999985258428078,
  "mse": 0.001586015336215496,
  "rmse": 0.03982480987906456,
  "max_abs_diff": 0.43310546875,
  "c_sum": 215621.578125,
  "py_sum": 216341.1875,
  "sum_ratio": 1.0033373832702637,
  "mean_peak_distance": 0.0,
  "max_peak_distance": 0.0,
  "c_runtime_s": 0.009922833880409598,
  "py_runtime_s": 0.955308125121519,
  "speedup": 0.010387050648341733
}