{
  "edge": {
    "pixel": [
      0,
      0
    ],
    "subpixels": [
      8.86109941671327e-09,
      8.86109941671327e-09,
      8.86109941671327e-09,
      8.86109941671327e-09,
      9.99999983125e-09
    ],
    "omega_mean": 9.088879499620614e-09,
    "omega_last": 9.99999983125e-09,
    "omega_first": 8.86109941671327e-09,
    "omega_max": 9.99999983125e-09,
    "omega_min": 8.86109941671327e-09,
    "last_over_mean": 1.1002456168185988,
    "relative_asymmetry": 0.12530702102324828
  },
  "center": {
    "pixel": [
      2048,
      2048
    ],
    "subpixels": [
      9.99999983125e-09,
      9.99999983125e-09,
      9.99999983125e-09
    ],
    "omega_mean": 9.999999831249999e-09,
    "omega_last": 9.99999983125e-09,
    "omega_first": 9.99999983125e-09,
    "omega_max": 9.99999983125e-09,
    "omega_min": 9.99999983125e-09,
    "last_over_mean": 1.0000000000000002,
    "relative_asymmetry": 0.0
  }
}