{
  "tc_d1": {
    "correlation": 0.048638784604524546,
    "sum_ratio": 46.853946685791016
  },
  "tc_d3": {
    "correlation": 0.05295286882579458,
    "sum_ratio": 120.06336212158203
  }
}
