{
  "correlation": 0.7809960140270352,
  "mse": 44.071937561035156,
  "rmse": 6.638669967651367,
  "max_abs_diff": 89.73287963867188,
  "c_sum": 35562.640625,
  "py_sum": 35564.6953125,
  "sum_ratio": 1.0000578165054321,
  "mean_peak_distance": 11.604088402841773,
  "max_peak_distance": 23.40939982143925,
  "c_runtime_s": 0.007090084021911025,
  "py_runtime_s": 0.6401793749537319,
  "speedup": 0.011075152214054773
}