{
  "all_runs": [
    {
      "construction_times": [
        0.0022632170002907515,
        0.002835594001226127
      ],
      "first_run_times": [
        0.18844874296337366,
        0.012196965049952269
      ],
      "second_run_times": [
        0.01212613401003182,
        0.010799007955938578
      ],
      "cache_speedup": 15.450461831413637,
      "config": {
        "n_instances": 2,
        "size": 256,
        "device": "cpu",
        "dtype": "torch.float64",
        "n_sources": 3
      },
      "run_metadata": {
        "timestamp": "2025-09-30T18:10:02.345161",
        "pytorch_version": "2.7.1+cu126",
        "cuda_available": true
      }
    }
  ],
  "summary": {
    "total_configurations": 1,
    "min_cache_speedup": 15.450461831413637,
    "max_cache_speedup": 15.450461831413637,
    "mean_cache_speedup": 15.450461831413637
  }
}