{
  "correlation": 0.15519036380658105,
  "mse": 179.18948364257812,
  "rmse": 13.386167526245117,
  "max_abs_diff": 154.6425018310547,
  "c_sum": 641.3748779296875,
  "py_sum": 216341.1875,
  "sum_ratio": 337.3084716796875,
  "mean_peak_distance": 0.0,
  "max_peak_distance": 0.0,
  "c_runtime_s": 0.00775420805439353,
  "py_runtime_s": 0.7751737500075251,
  "speedup": 0.010003187097496858
}