{
  "correlation": 0.15582421127401022,
  "mse": 2863.860595703125,
  "rmse": 53.51504898071289,
  "max_abs_diff": 599.7481079101562,
  "c_sum": 641.3681030273438,
  "py_sum": 215792.3125,
  "sum_ratio": 336.4562683105469,
  "mean_peak_distance": 0.0,
  "max_peak_distance": 0.0,
  "c_runtime_s": 0.00451245903968811,
  "py_runtime_s": 0.6247560828924179,
  "speedup": 0.007222753268438603
}