{
  "correlation": -0.1826807619793157,
  "mse": 30.16509437561035,
  "rmse": 5.492275714874268,
  "max_abs_diff": 38.959815979003906,
  "c_sum": 162.95037841796875,
  "py_sum": 112852.734375,
  "sum_ratio": 692.5588989257812,
  "mean_peak_distance": 0.0,
  "max_peak_distance": 0.0,
  "c_runtime_s": 0.014916375046595931,
  "py_runtime_s": 1.4987532920204103,
  "speedup": 0.009952521956757642
}