{
  "correlation": 0.9999986043003171,
  "mse": 0.001518718432635069,
  "rmse": 0.038970738649368286,
  "max_abs_diff": 0.44110870361328125,
  "c_sum": 211967.828125,
  "py_sum": 212647.703125,
  "sum_ratio": 1.0032074451446533,
  "mean_peak_distance": 0.0,
  "max_peak_distance": 0.0,
  "c_runtime_s": 0.011156582972034812,
  "py_runtime_s": 0.8598301250021905,
  "speedup": 0.012975333903317694
}