{
  "correlation": 0.17192293306032078,
  "mse": 725.0894165039062,
  "rmse": 26.9274845123291,
  "max_abs_diff": 599.7481079101562,
  "c_sum": 2412.235107421875,
  "py_sum": 250235.921875,
  "sum_ratio": 103.73612213134766,
  "mean_peak_distance": 0.0,
  "max_peak_distance": 0.0,
  "c_runtime_s": 0.008880291134119034,
  "py_runtime_s": 0.7651192920748144,
  "speedup": 0.011606413831283588
}