{
  "c_sum": 38.25798034667969,
  "py_sum": 43161.9921875,
  "correlation": -0.0017961792039546708,
  "sum_ratio": 0.0008863812545314431
}