{
  "correlation": 0.9999999964336322,
  "mse": 4.2584369664973136e-15,
  "rmse": 6.525669959955849e-08,
  "max_abs_diff": 8.271308615803719e-08,
  "c_sum": 0.001939399866387248,
  "py_sum": 0.0019393115071579814,
  "sum_ratio": 0.9999544620513916,
  "mean_peak_distance": 0.0,
  "max_peak_distance": 0.0,
  "runtime_c_ms": 793,
  "runtime_py_ms": 13563,
  "speedup": 0.05851942627789579,
  "args": [
    "-default_F",
    "100",
    "-cell",
    "100",
    "100",
    "100",
    "90",
    "90",
    "90",
    "-lambda",
    "0.5",
    "-distance",
    "500",
    "-detpixels",
    "4096",
    "-pixel",
    "0.05",
    "-N",
    "5",
    "-oversample",
    "2"
  ],
  "c_binary": "/home/ollie/Documents/tmp/nanoBragg/golden_suite_generator/nanoBragg",
  "py_binary": "nanoBragg",
  "roi": [
    0,
    1,
    0,
    1
  ],
  "resample": false,
  "png_scale_method": "percentile",
  "png_scale_percentile": 99.5
}