{
  "correlation": 0.9999993175508529,
  "mse": 7.312016547800226e-10,
  "rmse": 2.7040739951189607e-05,
  "max_abs_diff": 7.873214781284332e-05,
  "c_sum": 162.43495178222656,
  "py_sum": 162.78392028808594,
  "sum_ratio": 1.0021483898162842,
  "mean_peak_distance": 0.0,
  "max_peak_distance": 0.0,
  "c_runtime_s": 0.0047224590089172125,
  "py_runtime_s": 0.7425326250959188,
  "speedup": 0.006359934700926003
}