{
  "correlation": 0.9965238527638988,
  "mse": 1763503360.0,
  "rmse": 41994.0859375,
  "max_abs_diff": 58357068.0,
  "c_sum": 6490.8203125,
  "py_sum": 820878912.0,
  "sum_ratio": 126467.671875,
  "mean_peak_distance": 37.79219496139381,
  "max_peak_distance": 377.9219496139381,
  "runtime_c_ms": 550,
  "runtime_py_ms": 7656,
  "speedup": 0.07196208350353851,
  "args": [
    "-mat",
    "A.mat",
    "-floatfile",
    "img.bin",
    "-hkl",
    "scaled.hkl",
    "-nonoise",
    "-nointerpolate",
    "-oversample",
    "1",
    "-exposure",
    "1",
    "-flux",
    "1e18",
    "-beamsize",
    "1.0",
    "-spindle_axis",
    "-1",
    "0",
    "0",
    "-Xbeam",
    "217.742295",
    "-Ybeam",
    "213.907080",
    "-distance",
    "231.274660",
    "-lambda",
    "0.976800",
    "-pixel",
    "0.172",
    "-detpixels_x",
    "2463",
    "-detpixels_y",
    "2527",
    "-odet_vector",
    "-0.000088",
    "0.004914",
    "-0.999988",
    "-sdet_vector",
    "-0.005998",
    "-0.999970",
    "-0.004913",
    "-fdet_vector",
    "0.999982",
    "-0.005998",
    "-0.000118",
    "-pix0_vector_mm",
    "-216.336293",
    "215.205512",
    "-230.200866",
    "-beam_vector",
    "0.00051387949",
    "0.0",
    "-0.99999986",
    "-Na",
    "36",
    "-Nb",
    "47",
    "-Nc",
    "29",
    "-osc",
    "0.1",
    "-phi",
    "0",
    "-phisteps",
    "10",
    "-detector_rotx",
    "0",
    "-detector_roty",
    "0",
    "-detector_rotz",
    "0",
    "-twotheta",
    "0"
  ],
  "c_binary": "/home/ollie/Documents/tmp/nanoBragg/golden_suite_generator/nanoBragg",
  "py_binary": "nanoBragg",
  "roi": null,
  "resample": false,
  "png_scale_method": "percentile",
  "png_scale_percentile": 99.5
}