{
  "status": "ok",
  "phi0": {
    "py_k_frac": -0.589139352775903,
    "c_k_frac": -0.607255839576692,
    "delta_k": 0.018116486800789033
  },
  "phi9": {
    "py_k_frac": -0.607227388110849,
    "c_k_frac": -0.607255839576692,
    "delta_k": 2.8451465843071233e-05
  }
}
