{
  "py_sum": 43161.9921875,
  "c_sum": 37.75151062011719,
  "sum_ratio": 1143.318279944529,
  "correlation": 0.006297173188389885,
  "py_max": 76.97444152832031,
  "c_max": 0.0024873644579201937,
  "py_mean": 0.6585997343063354,
  "c_mean": 0.0005760423373430967
}