{
  "correlation": 0.9999999996655942,
  "mse": 4.1615970758357435e-07,
  "rmse": 0.0006451043882407248,
  "max_abs_diff": 0.0030183792114257812,
  "c_sum": 24300.0,
  "py_sum": 24301.46484375,
  "sum_ratio": 1.0000603199005127,
  "mean_peak_distance": 0.0,
  "max_peak_distance": 0.0,
  "c_runtime_s": 0.0043284171260893345,
  "py_runtime_s": 0.673176083015278,
  "speedup": 0.006429843892702735
}