{
  "timestamp": "2025-09-09T22:44:29.810501",
  "summary": "Testing remaining hypotheses after ruling out H1",
  "identity_test": {
    "pix0_pytorch": [
      0.1,
      0.051250000000000004,
      -0.051250000000000004
    ],
    "pix0_expected": [
      -0.005169999785721302,
      -0.005169999785721302,
      0.10000000149011612
    ],
    "error_vector": [
      0.10516999978572131,
      0.056419999785721306,
      -0.15125000149011614
    ],
    "error_magnitude_mm": 192.66683207420408,
    "hypothesis_4_confirmed": true
  },
  "beam_center_test": {
    "results": {
      "0.0_0.0": {
        "beam_center": [
          0.0,
          0.0
        ],
        "pix0_tilted": [
          0.1000098672381009,
          5.3314318868927056e-05,
          -4.5389657586310066e-05
        ],
        "pix0_baseline": [
          0.1,
          5e-05,
          -5e-05
        ],
        "rotation_effect": [
          9.867238100896847e-06,
          3.314318868927054e-06,
          4.6103424136899364e-06
        ],
        "error_magnitude_mm": 0.01138430298596206
      },
      "25.6_25.6": {
        "beam_center": [
          25.6,
          25.6
        ],
        "pix0_tilted": [
          0.10506189314576278,
          0.027350245579759583,
          -0.023284894341777065
        ],
        "pix0_baseline": [
          0.1,
          0.025650000000000003,
          -0.025650000000000003
        ],
        "rotation_effect": [
          0.005061893145762775,
          0.0017002455797595802,
          0.0023651056582229373
        ],
        "error_magnitude_mm": 5.840147431800871
      },
      "51.2_51.2": {
        "beam_center": [
          51.2,
          51.2
        ],
        "pix0_tilted": [
          0.11011391905342466,
          0.05464717684065024,
          -0.04652439902596782
        ],
        "pix0_baseline": [
          0.1,
          0.051250000000000004,
          -0.051250000000000004
        ],
        "rotation_effect": [
          0.010113919053424653,
          0.0033971768406502387,
          0.004725600974032185
        ],
        "error_magnitude_mm": 11.66891056061578
      },
      "76.8_76.8": {
        "beam_center": [
          76.8,
          76.8
        ],
        "pix0_tilted": [
          0.11516594496108654,
          0.08194410810154087,
          -0.06976390371015856
        ],
        "pix0_baseline": [
          0.1,
          0.07684999999999999,
          -0.07684999999999999
        ],
        "rotation_effect": [
          0.01516594496108653,
          0.005094108101540887,
          0.007086096289841429
        ],
        "error_magnitude_mm": 17.497673689430687
      },
      "102.4_102.4": {
        "beam_center": [
          102.4,
          102.4
        ],
        "pix0_tilted": [
          0.12021797086874841,
          0.10924103936243154,
          -0.09300340839434933
        ],
        "pix0_baseline": [
          0.1,
          0.10245,
          -0.10245
        ],
        "rotation_effect": [
          0.02021797086874841,
          0.006791039362431542,
          0.009446591605650673
        ],
        "error_magnitude_mm": 23.326436818245597
      }
    },
    "error_statistics": {
      "mean": 11.66891056061578,
      "std": 8.24311586863028,
      "min": 0.01138430298596206,
      "max": 23.326436818245597
    },
    "hypothesis_2_confirmed": true
  },
  "rotation_test": {
    "results": {
      "rotx_only": {
        "rotations": [
          5.0,
          0.0,
          0.0,
          0.0
        ],
        "pix0_rotated": [
          0.1,
          0.05552170997474851,
          -0.04658824660233429
        ],
        "pix0_identity": [
          0.1,
          0.051250000000000004,
          -0.051250000000000004
        ],
        "rotation_effect": [
          0.0,
          0.004271709974748503,
          0.0046617533976657105
        ],
        "error_magnitude_mm": 6.32293055861075
      },
      "roty_only": {
        "rotations": [
          0.0,
          3.0,
          0.0,
          0.0
        ],
        "pix0_rotated": [
          0.09731778216797785,
          0.051250000000000004,
          -0.0511797636522638
        ],
        "pix0_identity": [
          0.1,
          0.051250000000000004,
          -0.051250000000000004
        ],
        "rotation_effect": [
          -0.00268221783202216,
          0.0,
          7.023634773620224e-05
        ],
        "error_magnitude_mm": 2.6831372762050356
      },
      "rotz_only": {
        "rotations": [
          0.0,
          0.0,
          2.0,
          0.0
        ],
        "pix0_rotated": [
          0.09821140080784635,
          0.0512187798852123,
          -0.051250000000000004
        ],
        "pix0_identity": [
          0.1,
          0.051250000000000004,
          -0.051250000000000004
        ],
        "rotation_effect": [
          -0.001788599192153656,
          -3.122011478770559e-05,
          0.0
        ],
        "error_magnitude_mm": 1.78887164596571
      },
      "twotheta_only": {
        "rotations": [
          0.0,
          0.0,
          0.0,
          15.0
        ],
        "pix0_rotated": [
          0.11326447642215011,
          0.049503698500679975,
          -0.051250000000000004
        ],
        "pix0_identity": [
          0.1,
          0.051250000000000004,
          -0.051250000000000004
        ],
        "rotation_effect": [
          0.013264476422150104,
          -0.0017463014993200285,
          0.0
        ],
        "error_magnitude_mm": 13.378935072729195
      },
      "all_rotations": {
        "rotations": [
          5.0,
          3.0,
          2.0,
          15.0
        ],
        "pix0_rotated": [
          0.11011391905342466,
          0.05464717684065024,
          -0.04652439902596782
        ],
        "pix0_identity": [
          0.1,
          0.051250000000000004,
          -0.051250000000000004
        ],
        "rotation_effect": [
          0.010113919053424653,
          0.0033971768406502387,
          0.004725600974032185
        ],
        "error_magnitude_mm": 11.66891056061578
      }
    },
    "individual_errors": {
      "rotx": 6.32293055861075,
      "roty": 2.6831372762050356,
      "rotz": 1.78887164596571,
      "twotheta": 13.378935072729195
    },
    "max_contributor": "twotheta",
    "max_error": 13.378935072729195
  }
}