{
  "correlation": 0.996984247744466,
  "mse": 70.93814849853516,
  "rmse": 8.422478675842285,
  "max_abs_diff": 227.3077392578125,
  "c_sum": 767493.1875,
  "py_sum": 844250.4375,
  "sum_ratio": 1.1000102758407593,
  "mean_peak_distance": 3.0,
  "max_peak_distance": 15.0,
  "runtime_c_ms": 10,
  "runtime_py_ms": 4911,
  "speedup": 0.0021901198641548947,
  "args": [
    "-detpixels",
    "256",
    "-pixel",
    "0.4",
    "-distance",
    "100",
    "-Xbeam",
    "25.6",
    "-Ybeam",
    "25.6",
    "-cell",
    "100",
    "100",
    "100",
    "90",
    "90",
    "90",
    "-lambda",
    "6.2",
    "-default_F",
    "100",
    "-N",
    "5"
  ],
  "c_binary": "/home/ollie/Documents/nanoBragg/golden_suite_generator/nanoBragg",
  "py_binary": "nanoBragg",
  "roi": null,
  "resample": false,
  "png_scale_method": "percentile",
  "png_scale_percentile": 99.5
}