{
  "correlation": 0.9999999863219312,
  "mse": 1.6343426612053236e-11,
  "rmse": 4.042700311401859e-06,
  "max_abs_diff": 1.0507181286811829e-05,
  "c_sum": 40.90401077270508,
  "py_sum": 40.91799545288086,
  "sum_ratio": 1.0003418922424316,
  "mean_peak_distance": 0.0,
  "max_peak_distance": 0.0,
  "c_runtime_s": 0.003957374952733517,
  "py_runtime_s": 0.8279721250291914,
  "speedup": 0.004779599255945958
}