{
  "py_sum": 43161.9921875,
  "c_sum": 322.41094970703125,
  "sum_ratio": 133.8726002535599,
  "correlation": 0.029714555411434907
}