{
  "correlation": 0.9627459252041515,
  "mse": 24.21691131591797,
  "rmse": 4.92106819152832,
  "max_abs_diff": 84.29533386230469,
  "c_sum": 90514.75,
  "py_sum": 80460.3671875,
  "sum_ratio": 0.8889199495315552,
  "mean_peak_distance": 0.9242640687119286,
  "max_peak_distance": 1.4142135623730951,
  "c_runtime_s": 0.005366208963096142,
  "py_runtime_s": 0.7240886660292745,
  "speedup": 0.007410983232927981
}