{
  "correlation": 0.09426983245376869,
  "mse": 349.8289794921875,
  "rmse": 18.703716278076172,
  "max_abs_diff": 97.2706069946289,
  "c_sum": 10.236468315124512,
  "py_sum": 5685.048828125,
  "sum_ratio": 555.3720703125,
  "mean_peak_distance": 0.8535533905932737,
  "max_peak_distance": 1.4142135623730951,
  "runtime_c_ms": 10,
  "runtime_py_ms": 5009,
  "speedup": 0.0020616996033913934,
  "args": [
    "-default_F",
    "100",
    "-cell",
    "100",
    "100",
    "100",
    "90",
    "90",
    "90",
    "-lambda",
    "1.0",
    "-distance",
    "100",
    "-detpixels",
    "32",
    "-floatfile",
    "test.bin"
  ],
  "c_binary": "/home/ollie/Documents/nanoBragg/golden_suite_generator/nanoBragg",
  "py_binary": "nanoBragg",
  "roi": null,
  "resample": false,
  "png_scale_method": "percentile",
  "png_scale_percentile": 99.5
}