{
  "correlation": 0.9999966930738482,
  "mse": 0.0022001760080456734,
  "rmse": 0.046906035393476486,
  "max_abs_diff": 0.54620361328125,
  "c_sum": 215621.59375,
  "py_sum": 216341.1875,
  "sum_ratio": 1.0033372640609741,
  "mean_peak_distance": 12.2,
  "max_peak_distance": 61.0,
  "c_runtime_s": 0.012630291050300002,
  "py_runtime_s": 0.8393606250174344,
  "speedup": 0.015047514350625702
}