{
  "test_size": 1024,
  "fp64_time": 0.13377134005228677,
  "fp32_time": 0.13299139340718588,
  "speedup": 1.005864639997514,
  "correlation": 0.9999999999448067,
  "mean_rel_error": 0.00021058577586490046,
  "max_rel_error": 1.2770639860452357
}