{
  "correlation": 0.1549551937240019,
  "mse": 179.26324462890625,
  "rmse": 13.388922691345215,
  "max_abs_diff": 154.6425018310547,
  "c_sum": 641.3773193359375,
  "py_sum": 216544.125,
  "sum_ratio": 337.62359619140625,
  "mean_peak_distance": 0.0,
  "max_peak_distance": 0.0,
  "c_runtime_s": 0.007845541927963495,
  "py_runtime_s": 0.8353240001015365,
  "speedup": 0.009392214191151988
}