{
  "TC-D1": {
    "correlation": 0.048638784604524546,
    "sum_ratio": 46.85394561587938,
    "py_sum": 25919.314453125,
    "c_sum": 553.19384765625
  },
  "TC-D3": {
    "correlation": 0.05295286882579458,
    "sum_ratio": 120.06336216314062,
    "py_sum": 101694.078125,
    "c_sum": 847.00341796875
  }
}