{
  "correlation": -5.027760393666287e-06,
  "rmse": 75.44412202025401,
  "max_diff": 114985.0937499941,
  "c_sum": 6490.8202090353825,
  "pytorch_sum": 757180.9357962186,
  "sum_ratio": 116.65412250091352
}