{
  "tc_d3_correlation": 0.07035785935967613,
  "tc_d3_sum_ratio": 141.6873779296875,
  "tc_d3_c_sum": 358.15399169921875,
  "tc_d3_py_sum": 50745.8984375
}