{
  "correlation": 0.16320188447582665,
  "mse": 90.91024017333984,
  "rmse": 9.534686088562012,
  "max_abs_diff": 156.24000549316406,
  "c_sum": 628.6904296875,
  "py_sum": 117023.2734375,
  "sum_ratio": 186.13815307617188,
  "mean_peak_distance": 0.0,
  "max_peak_distance": 0.0,
  "c_runtime_s": 0.007917291950434446,
  "py_runtime_s": 0.7622720841318369,
  "speedup": 0.010386438274794713
}