{
  "correlation": 0.917492433912657,
  "mse": 1069.4949951171875,
  "rmse": 32.70313262939453,
  "max_abs_diff": 854.4820556640625,
  "c_sum": 767493.1875,
  "py_sum": 841084.5625,
  "sum_ratio": 1.0958853960037231,
  "mean_peak_distance": 14.244430149436528,
  "max_peak_distance": 83.40863264674707,
  "runtime_c_ms": 9,
  "runtime_py_ms": 4871,
  "speedup": 0.001899001142971252,
  "args": [
    "-detpixels",
    "256",
    "-pixel",
    "0.4",
    "-distance",
    "100",
    "-Xbeam",
    "25.6",
    "-Ybeam",
    "25.6",
    "-cell",
    "100",
    "100",
    "100",
    "90",
    "90",
    "90",
    "-lambda",
    "6.2",
    "-default_F",
    "100",
    "-N",
    "5"
  ],
  "c_binary": "/home/ollie/Documents/nanoBragg/golden_suite_generator/nanoBragg",
  "py_binary": "nanoBragg",
  "roi": null,
  "resample": false,
  "png_scale_method": "percentile",
  "png_scale_percentile": 99.5
}