{
  "correlation": 0.17222153351806346,
  "mse": 45.31277084350586,
  "rmse": 6.731476306915283,
  "max_abs_diff": 154.6425018310547,
  "c_sum": 2412.257568359375,
  "py_sum": 250073.5,
  "sum_ratio": 103.6678237915039,
  "mean_peak_distance": 0.0,
  "max_peak_distance": 0.0,
  "c_runtime_s": 0.03660816699266434,
  "py_runtime_s": 1.242330125067383,
  "speedup": 0.02946734225790326
}