{
  "correlation": 0.05949746740145082,
  "mse": 30.492877960205078,
  "rmse": 5.522035598754883,
  "max_abs_diff": 671.3358154296875,
  "c_sum": 24784.927734375,
  "py_sum": 5803630.0,
  "sum_ratio": 234.15965270996094,
  "mean_peak_distance": 93.23985357897273,
  "max_peak_distance": 142.3938200906205,
  "runtime_c_ms": 3225,
  "runtime_py_ms": 5809,
  "speedup": 0.5551255069120606,
  "args": [
    "-default_F",
    "100",
    "-cell",
    "100",
    "100",
    "100",
    "90",
    "90",
    "90",
    "-lambda",
    "6.2",
    "-distance",
    "100",
    "-detpixels",
    "4096"
  ],
  "c_binary": "/home/ollie/Documents/tmp/nanoBragg/golden_suite_generator/nanoBragg",
  "py_binary": "nanoBragg",
  "roi": null,
  "resample": true,
  "png_scale_method": "percentile",
  "png_scale_percentile": 99.5
}