{
  "float32": {
    "h_frac": 26.41519546508789,
    "k_frac": -9.899109840393066,
    "l_frac": -11.067195892333984,
    "F_latt_b": 2.3264031410217285,
    "F_latt": -0.30571481599485356,
    "error_vs_C_pct": 93.97772937866495
  },
  "float64": {
    "h_frac": 26.415194376200542,
    "k_frac": -9.899109978860006,
    "l_frac": -11.067191764513556,
    "F_latt_b": 2.3262015676634054,
    "F_latt": -0.306900169129462,
    "error_vs_C_pct": 93.97825118388971
  },
  "C_reference": {
    "F_latt_b": 38.63
  },
  "deltas": {
    "h_frac": -1.088887348288381e-06,
    "k_frac": -1.3846693924790543e-07,
    "l_frac": 4.127820428578843e-06,
    "F_latt_b": -0.00020157335832315937,
    "F_latt": -0.0011853531346084356
  },
  "dtype_sensitivity_conclusion": "dtype_not_root_cause"
}