{
  "float32": {
    "h_frac": 26.415193557739258,
    "k_frac": -9.89910888671875,
    "l_frac": -11.067193984985352,
    "F_latt_b": 2.325836658477783,
    "F_latt": -0.3065560840071672,
    "error_vs_C_pct": 93.97919581030861
  },
  "float64": {
    "h_frac": 26.415194376200553,
    "k_frac": -9.899109978860007,
    "l_frac": -11.067191764513556,
    "F_latt_b": 2.3262015676644605,
    "F_latt": -0.30690016912710644,
    "error_vs_C_pct": 93.97825118388697
  },
  "C_reference": {
    "F_latt_b": 38.63
  },
  "deltas": {
    "h_frac": 8.184612951822601e-07,
    "k_frac": -1.0921412574305123e-06,
    "l_frac": 2.2204717957663433e-06,
    "F_latt_b": 0.0003649091866773091,
    "F_latt": -0.0003440851199392192
  },
  "dtype_sensitivity_conclusion": "float64_improves"
}