{
  "pixel_s": 133,
  "pixel_f": 134,
  "pixel_pos_A": [
    740000000.0,
    123000008.0,
    -122000008.0
  ],
  "R": 189505936.0,
  "wavelength_A": 0.9768,
  "h_frac": 26.41519546508789,
  "k_frac": -9.899109840393066,
  "l_frac": -11.067195892333984,
  "h": 26.0,
  "k": -10.0,
  "l": -11.0,
  "F_latt_a": 0.17162121832370758,
  "F_latt_b": 2.3264031410217285,
  "F_latt_c": -0.7657033205032349,
  "F_latt": -0.30571481599485356,
  "omega_pixel": 0.0001087334894691594,
  "polar": 0.0,
  "Na": 36,
  "Nb": 47,
  "Nc": 29
}