{
  "pixel_s": 133,
  "pixel_f": 134,
  "pixel_pos_A": [
    740000000.0,
    123000008.0,
    -122000008.0
  ],
  "R": 189505936.0,
  "wavelength_A": 0.9768,
  "h_frac": 26.415193557739258,
  "k_frac": -9.89910888671875,
  "l_frac": -11.067193984985352,
  "h": 26.0,
  "k": -10.0,
  "l": -11.0,
  "F_latt_a": 0.1718711405992508,
  "F_latt_b": 2.325836658477783,
  "F_latt_c": -0.7668806314468384,
  "F_latt": -0.3065560840071672,
  "omega_pixel": 0.0001087334894691594,
  "polar": 0.0,
  "Na": 36,
  "Nb": 47,
  "Nc": 29
}