{
  "pixel_s": 133,
  "pixel_f": 134,
  "pixel_pos_A": [
    740000000.0,
    123000000.00000001,
    -122000000.00000003
  ],
  "R": 189505936.58247226,
  "wavelength_A": 0.9768,
  "h_frac": 26.415194376200553,
  "k_frac": -9.899109978860007,
  "l_frac": -11.067191764513556,
  "h": 26.0,
  "k": -10.0,
  "l": -11.0,
  "F_latt_a": 0.1718053049865489,
  "F_latt_b": 2.3262015676644605,
  "F_latt_c": -0.7679151113380794,
  "F_latt": -0.30690016912710644,
  "omega_pixel": 0.0001087334733506817,
  "polar": 0.0,
  "Na": 36,
  "Nb": 47,
  "Nc": 29
}