{
  "correlation": 0.15519036380658105,
  "mse": 179.18948364257812,
  "rmse": 13.386167526245117,
  "max_abs_diff": 154.6425018310547,
  "c_sum": 641.3748779296875,
  "py_sum": 216341.1875,
  "sum_ratio": 337.3084716796875,
  "mean_peak_distance": 0.0,
  "max_peak_distance": 0.0,
  "c_runtime_s": 0.006505749886855483,
  "py_runtime_s": 0.6363854999653995,
  "speedup": 0.01022297001928737
}