{
  "correlation": -0.291349863529315,
  "mse": 2.745745405263733e-06,
  "rmse": 0.0016570291481912136,
  "max_abs_diff": 0.00749969482421875,
  "c_sum": 39.40435791015625,
  "py_sum": 40.91799545288086,
  "sum_ratio": 1.0384129285812378,
  "mean_peak_distance": 0.0,
  "max_peak_distance": 0.0,
  "c_runtime_s": 0.0035919579677283764,
  "py_runtime_s": 0.6114023751579225,
  "speedup": 0.005874949319260642
}