{
  "correlation": 0.9604657535399194,
  "mse": 3.6499330239268026,
  "rmse": 1.910479788934393,
  "max_abs_diff": 48.433321745254474,
  "sum_ratio": 1.0004511467120185,
  "golden_sum": 300533.7781865483,
  "pytorch_sum": 300669.3630124277,
  "peak_matches": 30,
  "peak_mean_dist": 0.0,
  "threshold": 0.9995,
  "gap": 0.03903424646008069
}