{
  "all_runs": [
    {
      "construction_times": [
        0.002314298995770514,
        0.002337799989618361
      ],
      "first_run_times": [
        2.609841080964543,
        0.010077529004774988
      ],
      "second_run_times": [
        0.010240441071800888,
        0.009454320999793708
      ],
      "cache_speedup": 258.97629068871294,
      "config": {
        "n_instances": 2,
        "size": 256,
        "device": "cpu",
        "dtype": "torch.float64",
        "n_sources": 3
      },
      "run_metadata": {
        "timestamp": "2025-09-30T18:02:41.892739",
        "pytorch_version": "2.7.1+cu126",
        "cuda_available": true
      }
    }
  ],
  "summary": {
    "total_configurations": 1,
    "min_cache_speedup": 258.97629068871294,
    "max_cache_speedup": 258.97629068871294,
    "mean_cache_speedup": 258.97629068871294
  }
}