{
  "correlation": 0.9999985258428078,
  "mse": 0.001586015336215496,
  "rmse": 0.03982480987906456,
  "max_abs_diff": 0.43310546875,
  "c_sum": 215621.578125,
  "py_sum": 216341.1875,
  "sum_ratio": 1.0033373832702637,
  "mean_peak_distance": 0.0,
  "max_peak_distance": 0.0,
  "c_runtime_s": 0.009672708110883832,
  "py_runtime_s": 1.0373536250554025,
  "speedup": 0.009324407682449885
}