{
  "correlation": 0.9999972138733878,
  "mse": 0.009042697958648205,
  "rmse": 0.09509310126304626,
  "max_abs_diff": 2.181854248046875,
  "c_sum": 248635.75,
  "py_sum": 250059.6875,
  "sum_ratio": 1.0057270526885986,
  "mean_peak_distance": 3.1,
  "max_peak_distance": 31.0,
  "runtime_c_ms": 7,
  "runtime_py_ms": 4950,
  "speedup": 0.0016010530509714411,
  "args": [
    "-detpixels",
    "256",
    "-pixel",
    "0.2",
    "-distance",
    "100",
    "-Xbeam",
    "25.6",
    "-Ybeam",
    "25.6",
    "-cell",
    "100",
    "100",
    "100",
    "90",
    "90",
    "90",
    "-lambda",
    "6.2",
    "-default_F",
    "100",
    "-N",
    "5"
  ],
  "c_binary": "/home/ollie/Documents/nanoBragg/golden_suite_generator/nanoBragg",
  "py_binary": "nanoBragg",
  "roi": null,
  "resample": false,
  "png_scale_method": "percentile",
  "png_scale_percentile": 99.5
}