{
  "correlation": 0.06425928241026059,
  "mse": 176.71685791015625,
  "rmse": 13.293489456176758,
  "max_abs_diff": 152.99549865722656,
  "c_sum": 634.65869140625,
  "py_sum": 212647.703125,
  "sum_ratio": 335.058349609375,
  "mean_peak_distance": 42.720018726587654,
  "max_peak_distance": 42.720018726587654,
  "c_runtime_s": 0.007776540936902165,
  "py_runtime_s": 0.8086154998745769,
  "speedup": 0.009617105952221263
}