{
  "rotation_config": {
    "rotx": 5,
    "roty": 3,
    "rotz": 2,
    "twotheta": 15
  },
  "correlation": 0.3178745987347997,
  "pytorch_stats": {
    "min": 4.6205275389673446e-17,
    "max": 154.7660027254482,
    "mean": 0.9351076607390821
  },
  "c_stats": {
    "min": 40.0,
    "max": 55040.0,
    "mean": 352.90672302246094
  }
}