{
  "rotation_config": {
    "rotx": 5,
    "roty": 0,
    "rotz": 0,
    "twotheta": 0
  },
  "correlation": 0.9933389325466234,
  "pytorch_stats": {
    "min": 2.982922815705114e-17,
    "max": 154.65247620981526,
    "mean": 0.9487070792432919
  },
  "c_stats": {
    "min": 40.0,
    "max": 55040.0,
    "mean": 351.1541862487793
  }
}