{
  "rotation_config": {
    "rotx": 0,
    "roty": 3,
    "rotz": 0,
    "twotheta": 0
  },
  "correlation": 0.9934512164780227,
  "pytorch_stats": {
    "min": 1.1781317219900485e-16,
    "max": 154.6667392658379,
    "mean": 0.9392485359823846
  },
  "c_stats": {
    "min": 40.0,
    "max": 55040.0,
    "mean": 349.018572807312
  }
}