{
  "rotation_config": {
    "rotx": 0,
    "roty": 0,
    "rotz": 2,
    "twotheta": 0
  },
  "correlation": 0.9934561217891568,
  "pytorch_stats": {
    "min": 6.69121340097545e-16,
    "max": 154.66151214840465,
    "mean": 0.9430745413784196
  },
  "c_stats": {
    "min": 40.0,
    "max": 55040.0,
    "mean": 350.17632484436035
  }
}