{
  "rotation_config": {
    "rotx": 0,
    "roty": 0,
    "rotz": 0,
    "twotheta": 15
  },
  "correlation": 0.3116403239139598,
  "pytorch_stats": {
    "min": 2.0172419775527363e-17,
    "max": 154.7654499130239,
    "mean": 0.9699936623832969
  },
  "c_stats": {
    "min": 40.0,
    "max": 55040.0,
    "mean": 353.2747383117676
  }
}